{"cameraMode":{"drawMode":0,"name":"Shaded","section":"Shading Mode"},"sceneLighting":false,"audioPlay":false,"sceneViewState":{"m_AlwaysRefresh":false,"showFog":true,"showSkybox":false,"showFlares":true,"showImageEffects":true,"showParticleSystems":true,"showVisualEffectGraphs":true,"m_FxEnabled":true},"in2DMode":false,"pivot":{"x":-3.1245715618133547,"y":-1.7646455764770508,"z":1.9795465469360352},"rotation":{"x":-0.23422305285930634,"y":0.48429495096206667,"z":-0.13652488589286805,"w":-0.8320286273956299},"size":3.3876142501831056,"orthographic":false}