{"cameraMode":{"drawMode":0,"name":"Shaded","section":"Shading Mode"},"sceneLighting":false,"audioPlay":false,"sceneViewState":{"m_AlwaysRefresh":false,"showFog":true,"showSkybox":false,"showFlares":true,"showImageEffects":true,"showParticleSystems":true,"showVisualEffectGraphs":true,"m_FxEnabled":true},"in2DMode":false,"pivot":{"x":-0.4309999942779541,"y":-0.06482000648975373,"z":0.42800000309944155},"rotation":{"x":-0.14536799490451814,"y":0.6654417514801025,"z":-0.13474372029304505,"w":-0.7198778986930847},"size":0.2031777948141098,"orthographic":false}