{"cameraMode":{"drawMode":0,"name":"Shaded","section":"Shading Mode"},"sceneLighting":false,"audioPlay":false,"sceneViewState":{"m_AlwaysRefresh":false,"showFog":true,"showSkybox":false,"showFlares":true,"showImageEffects":true,"showParticleSystems":true,"showVisualEffectGraphs":true,"m_FxEnabled":true},"in2DMode":false,"pivot":{"x":0.1229410171508789,"y":-0.7165401577949524,"z":4.845709800720215},"rotation":{"x":-0.17038555443286897,"y":-0.03192152827978134,"z":0.005539287347346544,"w":-0.9848563075065613},"size":6.3374433517456059,"orthographic":false}