{"cameraMode":{"drawMode":0,"name":"Shaded","section":"Shading Mode"},"sceneLighting":false,"audioPlay":false,"sceneViewState":{"m_AlwaysRefresh":false,"showFog":true,"showSkybox":false,"showFlares":true,"showImageEffects":true,"showParticleSystems":true,"showVisualEffectGraphs":true,"m_FxEnabled":true},"in2DMode":false,"pivot":{"x":-2.6500000953674318,"y":3.4700000286102297,"z":0.050000011920928958},"rotation":{"x":0.1432066410779953,"y":0.3006519079208374,"z":-0.04571510851383209,"w":0.9418164491653442},"size":0.8660253882408142,"orthographic":false}